<edmx:Edmx Version="1.0" xmlns:edmx="http://schemas.microsoft.com/ado/2007/06/edmx" xmlns:m="http://schemas.microsoft.com/ado/2007/08/dataservices/metadata" xmlns:sap="http://www.sap.com/Protocols/SAPData">
    <edmx:DataServices m:DataServiceVersion="2.0">
        <Schema Namespace="108d5d8ee8f3bfd7182d2d69" xml:lang="en" sap:schema-version="0000" xmlns="http://schemas.microsoft.com/ado/2008/09/edm">
            <EntityContainer Name="108d5d8ee8f3bfd7182d2d69_Entities" m:IsDefaultEntityContainer="true">
                <EntitySet Name="ProductSet" EntityType="108d5d8ee8f3bfd7182d2d69.Product" sap:creatable="true" sap:updatable="true" sap:deletable="true"/>
                <AssociationSet Name="ProductSupplierSupplier" Association="108d5d8ee8f3bfd7182d2d69.ProductSupplierSupplier" sap:creatable="true" sap:updatable="true" sap:deletable="true">
                    <End EntitySet="ProductSet" Role="FromRole_ProductSupplierSupplier"/>
                    <End EntitySet="SupplierSet" Role="ToRole_ProductSupplierSupplier"/>
                </AssociationSet>
                <AssociationSet Name="ProductReviewsReview" Association="108d5d8ee8f3bfd7182d2d69.ProductReviewsReview" sap:creatable="true" sap:updatable="true" sap:deletable="true">
                    <End EntitySet="ProductSet" Role="FromRole_ProductReviewsReview"/>
                    <End EntitySet="ReviewSet" Role="ToRole_ProductReviewsReview"/>
                </AssociationSet>
                <EntitySet Name="SupplierSet" EntityType="108d5d8ee8f3bfd7182d2d69.Supplier" sap:creatable="true" sap:updatable="true" sap:deletable="true"/>
                <EntitySet Name="ReviewSet" EntityType="108d5d8ee8f3bfd7182d2d69.Review" sap:creatable="true" sap:updatable="true" sap:deletable="true"/>
                <AssociationSet Name="ReviewProductProduct" Association="108d5d8ee8f3bfd7182d2d69.ReviewProductProduct" sap:creatable="true" sap:updatable="true" sap:deletable="true">
                    <End EntitySet="ReviewSet" Role="FromRole_ReviewProductProduct"/>
                    <End EntitySet="ProductSet" Role="ToRole_ReviewProductProduct"/>
                </AssociationSet>
            </EntityContainer>
            <EntityType Name="Product">
                <Key>
                    <PropertyRef Name="ID"/>
                </Key>
                <Property Name="ID" Type="Edm.String" sap:creatable="true" sap:updatable="true" sap:deletable="true" sap:label="ID"/>
                <Property Name="Name" Type="Edm.String" sap:creatable="true" sap:updatable="true" sap:deletable="true" sap:label="Name"/>
                <Property Name="HP" Type="Edm.Decimal" sap:creatable="true" sap:updatable="true" sap:deletable="true" sap:label="HP"/>
                <Property Name="Price" Type="Edm.Decimal" sap:creatable="true" sap:updatable="true" sap:deletable="true" sap:label="Price"/>
                <Property Name="Currency" Type="Edm.String" sap:creatable="true" sap:updatable="true" sap:deletable="true" sap:label="Currency"/>
                <Property Name="ProductImage" Type="Edm.String" sap:creatable="true" sap:updatable="true" sap:deletable="true" sap:label="ProductImage"/>
                <Property Name="StockLevel" Type="Edm.String" sap:creatable="true" sap:updatable="true" sap:deletable="true" sap:label="StockLevel"/>
                <Property Name="StockLevelCC" Type="Edm.String" sap:creatable="true" sap:updatable="true" sap:deletable="true" sap:label="StockLevelCC"/>
                <Property Name="PriceRange" Type="Edm.String" sap:creatable="true" sap:updatable="true" sap:deletable="true" sap:label="PriceRange"/>
                <Property Name="___FK_2898798b7de28c6e184bf742_00023" Type="Edm.String" sap:creatable="true" sap:updatable="true" sap:deletable="true" sap:label="___FK_2898798b7de28c6e184bf742_00023"/>
                <NavigationProperty Name="Supplier" Relationship="108d5d8ee8f3bfd7182d2d69.ProductSupplierSupplier" FromRole="FromRole_ProductSupplierSupplier" ToRole="ToRole_ProductSupplierSupplier"/>
                <NavigationProperty Name="Reviews" Relationship="108d5d8ee8f3bfd7182d2d69.ProductReviewsReview" FromRole="FromRole_ProductReviewsReview" ToRole="ToRole_ProductReviewsReview"/>
            </EntityType>
            <Association Name="ProductSupplierSupplier">
                <End Type="108d5d8ee8f3bfd7182d2d69.Product" Multiplicity="1" Role="FromRole_ProductSupplierSupplier"/>
                <End Type="108d5d8ee8f3bfd7182d2d69.Supplier" Multiplicity="1" Role="ToRole_ProductSupplierSupplier"/>
                <ReferentialConstraint>
                    <Principal Role="ToRole_ProductSupplierSupplier">
                        <PropertyRef Name="ID"/>
                    </Principal>
                    <Dependent Role="FromRole_ProductSupplierSupplier">
                        <PropertyRef Name="___FK_2898798b7de28c6e184bf742_00023"/>
                    </Dependent>
                </ReferentialConstraint>
            </Association>
            <Association Name="ProductReviewsReview">
                <End Type="108d5d8ee8f3bfd7182d2d69.Product" Multiplicity="1" Role="FromRole_ProductReviewsReview"/>
                <End Type="108d5d8ee8f3bfd7182d2d69.Review" Multiplicity="*" Role="ToRole_ProductReviewsReview"/>
                <ReferentialConstraint>
                    <Principal Role="FromRole_ProductReviewsReview">
                        <PropertyRef Name="ID"/>
                    </Principal>
                    <Dependent Role="ToRole_ProductReviewsReview">
                        <PropertyRef Name="___FK_2898798b7de28c6e184bf742_00025"/>
                    </Dependent>
                </ReferentialConstraint>
            </Association>
            <EntityType Name="Supplier">
                <Key>
                    <PropertyRef Name="ID"/>
                </Key>
                <Property Name="ID" Type="Edm.String" sap:creatable="true" sap:updatable="true" sap:deletable="true" sap:label="ID"/>
                <Property Name="Name" Type="Edm.String" sap:creatable="true" sap:updatable="true" sap:deletable="true" sap:label="Name"/>
                <Property Name="email" Type="Edm.String" sap:creatable="true" sap:updatable="true" sap:deletable="true" sap:label="email"/>
                <Property Name="Phone" Type="Edm.String" sap:creatable="true" sap:updatable="true" sap:deletable="true" sap:label="Phone"/>
                <Property Name="URI" Type="Edm.String" sap:creatable="true" sap:updatable="true" sap:deletable="true" sap:label="URI"/>
            </EntityType>
            <EntityType Name="Review">
                <Key>
                    <PropertyRef Name="ID"/>
                </Key>
                <Property Name="ID" Type="Edm.String" sap:creatable="true" sap:updatable="true" sap:deletable="true" sap:label="ID"/>
                <Property Name="Rating" Type="Edm.Decimal" sap:creatable="true" sap:updatable="true" sap:deletable="true" sap:label="Rating"/>
                <Property Name="Reviewer" Type="Edm.String" sap:creatable="true" sap:updatable="true" sap:deletable="true" sap:label="Reviewer"/>
                <Property Name="ReviewDate" Type="Edm.String" sap:creatable="true" sap:updatable="true" sap:deletable="true" sap:label="ReviewDate"/>
                <Property Name="ReviewText" Type="Edm.String" sap:creatable="true" sap:updatable="true" sap:deletable="true" sap:label="ReviewText"/>
                <Property Name="___FK_2898798b7de28c6e184bf742_00025" Type="Edm.String" sap:creatable="true" sap:updatable="true" sap:deletable="true" sap:label="___FK_2898798b7de28c6e184bf742_00025"/>
                <Property Name="___FK_2898798b7de28c6e184bf742_00027" Type="Edm.String" sap:creatable="true" sap:updatable="true" sap:deletable="true" sap:label="___FK_2898798b7de28c6e184bf742_00027"/>
                <NavigationProperty Name="Product" Relationship="108d5d8ee8f3bfd7182d2d69.ReviewProductProduct" FromRole="FromRole_ReviewProductProduct" ToRole="ToRole_ReviewProductProduct"/>
            </EntityType>
            <Association Name="ReviewProductProduct">
                <End Type="108d5d8ee8f3bfd7182d2d69.Review" Multiplicity="1" Role="FromRole_ReviewProductProduct"/>
                <End Type="108d5d8ee8f3bfd7182d2d69.Product" Multiplicity="1" Role="ToRole_ReviewProductProduct"/>
                <ReferentialConstraint>
                    <Principal Role="ToRole_ReviewProductProduct">
                        <PropertyRef Name="ID"/>
                    </Principal>
                    <Dependent Role="FromRole_ReviewProductProduct">
                        <PropertyRef Name="___FK_2898798b7de28c6e184bf742_00027"/>
                    </Dependent>
                </ReferentialConstraint>
            </Association>
        </Schema>
    </edmx:DataServices>
</edmx:Edmx>
