[{"ID":"1","Name":"Dash 125 FI","HP":9.1,"Price":7690000,"Currency":"COP","ProductImage":"/webapp/localService/assets/1.jpg","StockLevel":"In Stock","StockLevelCC":"Positive","PriceRange":"7690000-10000000","___FK_2898798b7de28c6e184bf742_00023":"100000000"},{"ID":"2","Name":"Eco 100","HP":7.7,"Price":4990000,"Currency":"COP","ProductImage":"/webapp/localService/assets/2.jpg","StockLevel":"In Stock","StockLevelCC":"Positive","PriceRange":"4990000-7000000","___FK_2898798b7de28c6e184bf742_00023":"100000000"},{"ID":"3","Name":"Ignitor 125","HP":11.1,"Price":6590000,"Currency":"COP","ProductImage":"/webapp/localService/assets/3.jpg","StockLevel":"Less Than 5 Left","StockLevelCC":"Critical","PriceRange":"6590000-8500000","___FK_2898798b7de28c6e184bf742_00023":"100000000"},{"ID":"4","Name":"Hunk 160R","HP":15,"Price":9549000,"Currency":"COP","ProductImage":"sap-icon://picture","StockLevel":"In Stock","StockLevelCC":"Positive","PriceRange":"9549000-12500000","___FK_2898798b7de28c6e184bf742_00023":"100000000"},{"ID":"5","Name":"Eco Deluxe CW","HP":8.2,"Price":5290000,"Currency":"COP","ProductImage":"/webapp/localService/assets/5.jpg","StockLevel":"Out of Stock","StockLevelCC":"Negative","PriceRange":"5290000-7300000","___FK_2898798b7de28c6e184bf742_00023":"100000000"},{"ID":"6","Name":"Thriller Pro","HP":15.2,"Price":7590000,"Currency":"COP","ProductImage":"/webapp/localService/assets/6.jpg","StockLevel":"In Stock","StockLevelCC":"Positive","PriceRange":"7590000-9500000","___FK_2898798b7de28c6e184bf742_00023":"100000000"}]