{"static":{},"combined":{"ProductSet":[{"ID":"1","Nodes":[{"ID":"1","Nodes":[{"ID":"5","Nodes":[{"ID":"11"},{"ID":"13"},{"ID":"18"}]},{"ID":"16"},{"ID":"17"}]}]},{"ID":"2"},{"ID":"3","Nodes":[{"ID":"2","Nodes":[{"ID":"8"},{"ID":"9"},{"ID":"15"},{"ID":"19"}]}]},{"ID":"4","Nodes":[{"ID":"3","Nodes":[{"ID":"14"}]}]},{"ID":"5","Nodes":[{"ID":"4","Nodes":[{"ID":"6","Nodes":[{"ID":"7"},{"ID":"12"},{"ID":"20"}]},{"ID":"10"}]}]},{"ID":"6"}],"SupplierSet":[{"ID":"100000000","Name":"Hero","email":"hero@hero.com","Phone":"0622734567","URI":"https://heromotos.com.co"}],"ReviewSet":[{"ID":"1","Rating":5,"Reviewer":"Karl Muller","ReviewDate":"Jun 13, 2021","ReviewText":"Disfrute bastante la moto, a sido la mejor que he tenido","___FK_2898798b7de28c6e184bf742_00025":"1","___FK_2898798b7de28c6e184bf742_00027":"1"},{"ID":"2","Rating":5,"Reviewer":"Harald Gahn","ReviewDate":"Jun 16, 2021","ReviewText":"Bastante economica para su rendimiento.","___FK_2898798b7de28c6e184bf742_00025":"3","___FK_2898798b7de28c6e184bf742_00027":"3"},{"ID":"3","Rating":1,"Reviewer":"Dagmar Schulze","ReviewDate":"Jun 19, 2021","ReviewText":"Mi moto salio defectuosa, todavia esta en reparación.","___FK_2898798b7de28c6e184bf742_00025":"4","___FK_2898798b7de28c6e184bf742_00027":"4"},{"ID":"4","Rating":3,"Reviewer":"Ursula Wexler","ReviewDate":"Jun 26, 2021","ReviewText":"Encontre algunos problemas, pero la moto es aceptable","___FK_2898798b7de28c6e184bf742_00025":"5","___FK_2898798b7de28c6e184bf742_00027":"5"},{"ID":"5","Rating":2,"Reviewer":"Maria Brown","ReviewDate":"Jul 3, 2021","ReviewText":"la moto se pincho en poco tiempo.","___FK_2898798b7de28c6e184bf742_00025":"1","___FK_2898798b7de28c6e184bf742_00027":"1"},{"ID":"6","Rating":1,"Reviewer":"Sam Pelt","ReviewDate":"Jul 10, 2021","ReviewText":"La moto presento una cadena defectuosa.","___FK_2898798b7de28c6e184bf742_00025":"4","___FK_2898798b7de28c6e184bf742_00027":"4"},{"ID":"7","Rating":2,"Reviewer":"Saskia Sommer","ReviewDate":"Jul 17, 2021","ReviewText":"mi moto no presento el rednimineto que queria","___FK_2898798b7de28c6e184bf742_00025":"6","___FK_2898798b7de28c6e184bf742_00027":"6"},{"ID":"8","Rating":5,"Reviewer":"Julia Pfeffer","ReviewDate":"Jul 24, 2021","ReviewText":"La mejor moto que he tenido","___FK_2898798b7de28c6e184bf742_00025":"2","___FK_2898798b7de28c6e184bf742_00027":"2"},{"ID":"9","Rating":5,"Reviewer":"Karl Muller","ReviewDate":"Jun 13, 2021","ReviewText":"la moto fue excelente","___FK_2898798b7de28c6e184bf742_00025":"2","___FK_2898798b7de28c6e184bf742_00027":"2"},{"ID":"10","Rating":5,"Reviewer":"Harald Gahn","ReviewDate":"Jun 16, 2021","ReviewText":"excelente calidad precio.","___FK_2898798b7de28c6e184bf742_00025":"4","___FK_2898798b7de28c6e184bf742_00027":"4"},{"ID":"11","Rating":1,"Reviewer":"Dagmar Schulze","ReviewDate":"Jun 19, 2021","ReviewText":"la moto tenia problemas electricos","___FK_2898798b7de28c6e184bf742_00025":"5","___FK_2898798b7de28c6e184bf742_00027":"5"},{"ID":"12","Rating":3,"Reviewer":"Ursula Wexler","ReviewDate":"Jun 26, 2021","ReviewText":"no me disgusto","___FK_2898798b7de28c6e184bf742_00025":"6","___FK_2898798b7de28c6e184bf742_00027":"6"},{"ID":"13","Rating":2,"Reviewer":"Maria Brown","ReviewDate":"Jul 3, 2021","ReviewText":"la moto tenia problemas con el arranque","___FK_2898798b7de28c6e184bf742_00025":"5","___FK_2898798b7de28c6e184bf742_00027":"5"},{"ID":"14","Rating":1,"Reviewer":"Sam Pelt","ReviewDate":"Jul 10, 2021","ReviewText":"la peor moto","___FK_2898798b7de28c6e184bf742_00025":"3","___FK_2898798b7de28c6e184bf742_00027":"3"},{"ID":"15","Rating":2,"Reviewer":"Saskia Sommer","ReviewDate":"Jul 17, 2021","ReviewText":"pesima pagina web","___FK_2898798b7de28c6e184bf742_00025":"2","___FK_2898798b7de28c6e184bf742_00027":"2"},{"ID":"16","Rating":5,"Reviewer":"Julia Pfeffer","ReviewDate":"Jul 24, 2021","ReviewText":"la moto ha durado bastante sin presentar problemas","___FK_2898798b7de28c6e184bf742_00025":"1","___FK_2898798b7de28c6e184bf742_00027":"1"},{"ID":"17","Rating":5,"Reviewer":"Karl Muller","ReviewDate":"Jun 13, 2021","ReviewText":"me encanto","___FK_2898798b7de28c6e184bf742_00025":"1","___FK_2898798b7de28c6e184bf742_00027":"1"},{"ID":"18","Rating":5,"Reviewer":"Harald Gahn","ReviewDate":"Jun 16, 2021","ReviewText":"la mejor moto de todo Cali","___FK_2898798b7de28c6e184bf742_00025":"5","___FK_2898798b7de28c6e184bf742_00027":"5"},{"ID":"19","Rating":1,"Reviewer":"Dagmar Schulze","ReviewDate":"Jun 19, 2021","ReviewText":"no me gusto para nada","___FK_2898798b7de28c6e184bf742_00025":"2","___FK_2898798b7de28c6e184bf742_00027":"2"},{"ID":"20","Rating":3,"Reviewer":"Ursula Wexler","ReviewDate":"Jun 26, 2021","ReviewText":"buena.","___FK_2898798b7de28c6e184bf742_00025":"6","___FK_2898798b7de28c6e184bf742_00027":"6"}]}}